<?xml version="1.0" encoding="UTF-8"?>
<project-private xmlns="http://www.netbeans.org/ns/project-private/1">
    <editor-bookmarks xmlns="http://www.netbeans.org/ns/editor-bookmarks/2" lastBookmarkId="0"/>
    <open-files xmlns="http://www.netbeans.org/ns/projectui-open-files/2">
        <group>
            <file>file:/F:/TP2PBO2020-master/Perpustakaan/src/buku/Perpanjang.java</file>
            <file>file:/F:/TP2PBO2020-master/Perpustakaan/src/buku/Pengembalian.java</file>
            <file>file:/F:/TP2PBO2020-master/Perpustakaan/src/buku/Beranda.java</file>
            <file>file:/F:/TP2PBO2020-master/Perpustakaan/src/buku/Peminjaman.java</file>
        </group>
    </open-files>
</project-private>
